INSERT INTO ACT (actid, actname, genre, standardfee) VALUES(1,'QLS','Music',29000);
INSERT INTO ACT (actid, actname, genre, standardfee) VALUES(2,'The Where','Music',13000);
INSERT INTO ACT (actid, actname, genre, standardfee) VALUES(3,'Join Division','Music',1000);
INSERT INTO ACT (actid, actname, genre, standardfee) VALUES(4,'The Selecter','Music',28000);
INSERT INTO ACT (actid, actname, genre, standardfee) VALUES(5,'Scalar Swift','Music',30000);
INSERT INTO ACT (actid, actname, genre, standardfee) VALUES(6,'ViewBee 40','Music',31000);
INSERT INTO VENUE (venueid, venuename, hirecost, capacity) VALUES (1,'Big Hall',15000,15);
INSERT INTO VENUE (venueid, venuename, hirecost, capacity) VALUES (2,'Arts Centre Theatre',15000,17);
INSERT INTO VENUE (venueid, venuename, hirecost, capacity) VALUES (3,'City Hall',8000,20);
INSERT INTO VENUE (venueid, venuename, hirecost, capacity) VALUES (4,'Village Green',11000,12);
INSERT INTO VENUE (venueid, venuename, hirecost, capacity) VALUES (5,'Village Hall',19000,8);
INSERT INTO VENUE (venueid, venuename, hirecost, capacity) VALUES (6,'Cinema',20000,3);
INSERT INTO VENUE (venueid, venuename, hirecost, capacity) VALUES (7,'Symphony Hall',17000,15);
INSERT INTO VENUE (venueid, venuename, hirecost, capacity) VALUES (8,'Town Hall',3000,16);
INSERT INTO GIG (gigid, venueid, gigtitle, gigdatetime, gigstatus) VALUES (1,6,'Test title','2018-12-11 19:00','GoingAhead');
INSERT INTO ACT_GIG (actid, gigid, actgigfee, ontime, duration) VALUES(5,1,30000,'2018-12-11 19:00',70);
INSERT INTO ACT_GIG (actid, gigid, actgigfee, ontime, duration) VALUES(2,1,13000,'2018-12-11 20:15',20);
INSERT INTO ACT_GIG (actid, gigid, actgigfee, ontime, duration) VALUES(3,1,1000,'2018-12-11 20:45',80);
INSERT INTO GIG_TICKET (gigid, pricetype, price) VALUES(1,'A',40);
INSERT INTO GIG (gigid, venueid, gigtitle, gigdatetime, gigstatus) VALUES (2,6,'Test title','2019-03-08 20:00','GoingAhead');
INSERT INTO ACT_GIG (actid, gigid, actgigfee, ontime, duration) VALUES(5,2,30000,'2019-03-08 20:00',30);
INSERT INTO ACT_GIG (actid, gigid, actgigfee, ontime, duration) VALUES(1,2,29000,'2019-03-08 20:40',50);
INSERT INTO ACT_GIG (actid, gigid, actgigfee, ontime, duration) VALUES(3,2,1000,'2019-03-08 21:45',70);
INSERT INTO GIG_TICKET (gigid, pricetype, price) VALUES(2,'A',40);
INSERT INTO GIG (gigid, venueid, gigtitle, gigdatetime, gigstatus) VALUES (3,7,'Test title','2017-09-07 19:00','GoingAhead');
INSERT INTO ACT_GIG (actid, gigid, actgigfee, ontime, duration) VALUES(2,3,13000,'2017-09-07 19:00',30);
INSERT INTO ACT_GIG (actid, gigid, actgigfee, ontime, duration) VALUES(6,3,31000,'2017-09-07 19:35',40);
INSERT INTO GIG_TICKET (gigid, pricetype, price) VALUES(3,'A',40);
INSERT INTO GIG (gigid, venueid, gigtitle, gigdatetime, gigstatus) VALUES (4,5,'Test title','2020-04-06 18:00','GoingAhead');
INSERT INTO ACT_GIG (actid, gigid, actgigfee, ontime, duration) VALUES(5,4,30000,'2020-04-06 18:00',70);
INSERT INTO GIG_TICKET (gigid, pricetype, price) VALUES(4,'A',40);
INSERT INTO GIG (gigid, venueid, gigtitle, gigdatetime, gigstatus) VALUES (5,3,'Test title','2018-03-12 18:00','GoingAhead');
INSERT INTO ACT_GIG (actid, gigid, actgigfee, ontime, duration) VALUES(4,5,28000,'2018-03-12 18:00',80);
INSERT INTO ACT_GIG (actid, gigid, actgigfee, ontime, duration) VALUES(5,5,30000,'2018-03-12 19:25',40);
INSERT INTO GIG_TICKET (gigid, pricetype, price) VALUES(5,'A',40);
INSERT INTO GIG (gigid, venueid, gigtitle, gigdatetime, gigstatus) VALUES (6,7,'Test title','2018-05-01 19:00','GoingAhead');
INSERT INTO ACT_GIG (actid, gigid, actgigfee, ontime, duration) VALUES(6,6,31000,'2018-05-01 19:00',70);
INSERT INTO ACT_GIG (actid, gigid, actgigfee, ontime, duration) VALUES(2,6,13000,'2018-05-01 20:20',40);
INSERT INTO GIG_TICKET (gigid, pricetype, price) VALUES(6,'A',40);
INSERT INTO GIG (gigid, venueid, gigtitle, gigdatetime, gigstatus) VALUES (7,3,'Test title','2018-06-24 20:00','GoingAhead');
INSERT INTO ACT_GIG (actid, gigid, actgigfee, ontime, duration) VALUES(2,7,13000,'2018-06-24 20:00',50);
INSERT INTO ACT_GIG (actid, gigid, actgigfee, ontime, duration) VALUES(6,7,31000,'2018-06-24 21:00',70);
INSERT INTO GIG_TICKET (gigid, pricetype, price) VALUES(7,'A',40);
INSERT INTO GIG (gigid, venueid, gigtitle, gigdatetime, gigstatus) VALUES (8,8,'Test title','2018-08-11 20:00','GoingAhead');
INSERT INTO ACT_GIG (actid, gigid, actgigfee, ontime, duration) VALUES(4,8,28000,'2018-08-11 20:00',60);
INSERT INTO ACT_GIG (actid, gigid, actgigfee, ontime, duration) VALUES(5,8,30000,'2018-08-11 21:05',70);
INSERT INTO ACT_GIG (actid, gigid, actgigfee, ontime, duration) VALUES(2,8,13000,'2018-08-11 22:25',30);
INSERT INTO GIG_TICKET (gigid, pricetype, price) VALUES(8,'A',40);
INSERT INTO GIG (gigid, venueid, gigtitle, gigdatetime, gigstatus) VALUES (9,5,'Test title','2018-06-04 18:00','GoingAhead');
INSERT INTO ACT_GIG (actid, gigid, actgigfee, ontime, duration) VALUES(5,9,30000,'2018-06-04 18:00',30);
INSERT INTO ACT_GIG (actid, gigid, actgigfee, ontime, duration) VALUES(3,9,1000,'2018-06-04 18:30',20);
INSERT INTO ACT_GIG (actid, gigid, actgigfee, ontime, duration) VALUES(6,9,31000,'2018-06-04 19:05',40);
INSERT INTO ACT_GIG (actid, gigid, actgigfee, ontime, duration) VALUES(3,9,1000,'2018-06-04 19:55',60);
INSERT INTO GIG_TICKET (gigid, pricetype, price) VALUES(9,'A',40);
INSERT INTO GIG (gigid, venueid, gigtitle, gigdatetime, gigstatus) VALUES (10,8,'Test title','2018-04-06 18:00','GoingAhead');
INSERT INTO ACT_GIG (actid, gigid, actgigfee, ontime, duration) VALUES(2,10,13000,'2018-04-06 18:00',80);
INSERT INTO GIG_TICKET (gigid, pricetype, price) VALUES(10,'A',40);
INSERT INTO GIG (gigid, venueid, gigtitle, gigdatetime, gigstatus) VALUES (11,8,'Test title','2017-12-26 18:00','GoingAhead');
INSERT INTO ACT_GIG (actid, gigid, actgigfee, ontime, duration) VALUES(6,11,31000,'2017-12-26 18:00',50);
INSERT INTO ACT_GIG (actid, gigid, actgigfee, ontime, duration) VALUES(2,11,13000,'2017-12-26 19:00',70);
INSERT INTO ACT_GIG (actid, gigid, actgigfee, ontime, duration) VALUES(4,11,28000,'2017-12-26 20:25',60);
INSERT INTO GIG_TICKET (gigid, pricetype, price) VALUES(11,'A',40);
INSERT INTO GIG (gigid, venueid, gigtitle, gigdatetime, gigstatus) VALUES (12,8,'Test title','2019-06-20 18:00','GoingAhead');
INSERT INTO ACT_GIG (actid, gigid, actgigfee, ontime, duration) VALUES(4,12,28000,'2019-06-20 18:00',60);
INSERT INTO ACT_GIG (actid, gigid, actgigfee, ontime, duration) VALUES(2,12,13000,'2019-06-20 19:05',20);
INSERT INTO ACT_GIG (actid, gigid, actgigfee, ontime, duration) VALUES(5,12,30000,'2019-06-20 19:40',20);
INSERT INTO GIG_TICKET (gigid, pricetype, price) VALUES(12,'A',40);
INSERT INTO GIG (gigid, venueid, gigtitle, gigdatetime, gigstatus) VALUES (13,1,'Test title','2020-02-26 20:00','GoingAhead');
INSERT INTO ACT_GIG (actid, gigid, actgigfee, ontime, duration) VALUES(5,13,30000,'2020-02-26 20:00',80);
INSERT INTO GIG_TICKET (gigid, pricetype, price) VALUES(13,'A',40);
INSERT INTO GIG (gigid, venueid, gigtitle, gigdatetime, gigstatus) VALUES (14,8,'Test title','2020-12-19 19:00','GoingAhead');
INSERT INTO ACT_GIG (actid, gigid, actgigfee, ontime, duration) VALUES(6,14,31000,'2020-12-19 19:00',40);
INSERT INTO ACT_GIG (actid, gigid, actgigfee, ontime, duration) VALUES(2,14,13000,'2020-12-19 19:45',20);
INSERT INTO ACT_GIG (actid, gigid, actgigfee, ontime, duration) VALUES(5,14,30000,'2020-12-19 20:15',80);
INSERT INTO ACT_GIG (actid, gigid, actgigfee, ontime, duration) VALUES(3,14,1000,'2020-12-19 21:35',50);
INSERT INTO GIG_TICKET (gigid, pricetype, price) VALUES(14,'A',40);
INSERT INTO GIG (gigid, venueid, gigtitle, gigdatetime, gigstatus) VALUES (15,7,'Test title','2020-10-02 20:00','GoingAhead');
INSERT INTO ACT_GIG (actid, gigid, actgigfee, ontime, duration) VALUES(3,15,1000,'2020-10-02 20:00',70);
INSERT INTO ACT_GIG (actid, gigid, actgigfee, ontime, duration) VALUES(1,15,29000,'2020-10-02 21:15',50);
INSERT INTO ACT_GIG (actid, gigid, actgigfee, ontime, duration) VALUES(3,15,1000,'2020-10-02 22:10',30);
INSERT INTO ACT_GIG (actid, gigid, actgigfee, ontime, duration) VALUES(2,15,13000,'2020-10-02 22:55',30);
INSERT INTO GIG_TICKET (gigid, pricetype, price) VALUES(15,'A',40);
INSERT INTO GIG (gigid, venueid, gigtitle, gigdatetime, gigstatus) VALUES (16,2,'Test title','2017-09-22 18:00','GoingAhead');
INSERT INTO ACT_GIG (actid, gigid, actgigfee, ontime, duration) VALUES(4,16,28000,'2017-09-22 18:00',60);
INSERT INTO GIG_TICKET (gigid, pricetype, price) VALUES(16,'A',40);
INSERT INTO GIG (gigid, venueid, gigtitle, gigdatetime, gigstatus) VALUES (17,7,'Test title','2016-02-07 19:00','GoingAhead');
INSERT INTO ACT_GIG (actid, gigid, actgigfee, ontime, duration) VALUES(1,17,29000,'2016-02-07 19:00',60);
INSERT INTO ACT_GIG (actid, gigid, actgigfee, ontime, duration) VALUES(1,17,29000,'2016-02-07 20:20',80);
INSERT INTO ACT_GIG (actid, gigid, actgigfee, ontime, duration) VALUES(5,17,30000,'2016-02-07 21:50',30);
INSERT INTO GIG_TICKET (gigid, pricetype, price) VALUES(17,'A',40);
INSERT INTO GIG (gigid, venueid, gigtitle, gigdatetime, gigstatus) VALUES (18,1,'Test title','2016-04-25 20:00','GoingAhead');
INSERT INTO ACT_GIG (actid, gigid, actgigfee, ontime, duration) VALUES(3,18,1000,'2016-04-25 20:00',70);
INSERT INTO GIG_TICKET (gigid, pricetype, price) VALUES(18,'A',40);
INSERT INTO GIG (gigid, venueid, gigtitle, gigdatetime, gigstatus) VALUES (19,7,'Test title','2020-12-25 18:00','GoingAhead');
INSERT INTO ACT_GIG (actid, gigid, actgigfee, ontime, duration) VALUES(2,19,13000,'2020-12-25 18:00',60);
INSERT INTO GIG_TICKET (gigid, pricetype, price) VALUES(19,'A',40);
INSERT INTO GIG (gigid, venueid, gigtitle, gigdatetime, gigstatus) VALUES (20,2,'Test title','2016-07-10 20:00','GoingAhead');
INSERT INTO ACT_GIG (actid, gigid, actgigfee, ontime, duration) VALUES(2,20,13000,'2016-07-10 20:00',20);
INSERT INTO ACT_GIG (actid, gigid, actgigfee, ontime, duration) VALUES(1,20,29000,'2016-07-10 20:25',80);
INSERT INTO GIG_TICKET (gigid, pricetype, price) VALUES(20,'A',40);
INSERT INTO GIG (gigid, venueid, gigtitle, gigdatetime, gigstatus) VALUES (21,2,'Test title','2018-05-23 20:00','GoingAhead');
INSERT INTO ACT_GIG (actid, gigid, actgigfee, ontime, duration) VALUES(2,21,13000,'2018-05-23 20:00',60);
INSERT INTO GIG_TICKET (gigid, pricetype, price) VALUES(21,'A',40);
INSERT INTO GIG (gigid, venueid, gigtitle, gigdatetime, gigstatus) VALUES (22,2,'Test title','2018-09-03 20:00','GoingAhead');
INSERT INTO ACT_GIG (actid, gigid, actgigfee, ontime, duration) VALUES(1,22,29000,'2018-09-03 20:00',60);
INSERT INTO GIG_TICKET (gigid, pricetype, price) VALUES(22,'A',40);
INSERT INTO GIG (gigid, venueid, gigtitle, gigdatetime, gigstatus) VALUES (23,1,'Test title','2016-11-02 18:00','GoingAhead');
INSERT INTO ACT_GIG (actid, gigid, actgigfee, ontime, duration) VALUES(4,23,28000,'2016-11-02 18:00',30);
INSERT INTO ACT_GIG (actid, gigid, actgigfee, ontime, duration) VALUES(5,23,30000,'2016-11-02 18:35',20);
INSERT INTO ACT_GIG (actid, gigid, actgigfee, ontime, duration) VALUES(2,23,13000,'2016-11-02 19:00',60);
INSERT INTO ACT_GIG (actid, gigid, actgigfee, ontime, duration) VALUES(1,23,29000,'2016-11-02 20:05',80);
INSERT INTO GIG_TICKET (gigid, pricetype, price) VALUES(23,'A',40);
INSERT INTO GIG (gigid, venueid, gigtitle, gigdatetime, gigstatus) VALUES (24,8,'Test title','2019-05-28 19:00','GoingAhead');
INSERT INTO ACT_GIG (actid, gigid, actgigfee, ontime, duration) VALUES(5,24,30000,'2019-05-28 19:00',70);
INSERT INTO GIG_TICKET (gigid, pricetype, price) VALUES(24,'A',40);
INSERT INTO GIG (gigid, venueid, gigtitle, gigdatetime, gigstatus) VALUES (25,5,'Test title','2016-02-14 18:00','GoingAhead');
INSERT INTO ACT_GIG (actid, gigid, actgigfee, ontime, duration) VALUES(1,25,29000,'2016-02-14 18:00',30);
INSERT INTO ACT_GIG (actid, gigid, actgigfee, ontime, duration) VALUES(3,25,1000,'2016-02-14 18:30',70);
INSERT INTO ACT_GIG (actid, gigid, actgigfee, ontime, duration) VALUES(3,25,1000,'2016-02-14 20:00',70);
INSERT INTO GIG_TICKET (gigid, pricetype, price) VALUES(25,'A',40);
INSERT INTO GIG (gigid, venueid, gigtitle, gigdatetime, gigstatus) VALUES (26,2,'Test title','2017-02-27 19:00','GoingAhead');
INSERT INTO ACT_GIG (actid, gigid, actgigfee, ontime, duration) VALUES(1,26,29000,'2017-02-27 19:00',20);
INSERT INTO ACT_GIG (actid, gigid, actgigfee, ontime, duration) VALUES(5,26,30000,'2017-02-27 19:25',50);
INSERT INTO GIG_TICKET (gigid, pricetype, price) VALUES(26,'A',40);
INSERT INTO GIG (gigid, venueid, gigtitle, gigdatetime, gigstatus) VALUES (27,2,'Test title','2018-08-24 19:00','GoingAhead');
INSERT INTO ACT_GIG (actid, gigid, actgigfee, ontime, duration) VALUES(5,27,30000,'2018-08-24 19:00',30);
INSERT INTO ACT_GIG (actid, gigid, actgigfee, ontime, duration) VALUES(3,27,1000,'2018-08-24 19:30',70);
INSERT INTO ACT_GIG (actid, gigid, actgigfee, ontime, duration) VALUES(5,27,30000,'2018-08-24 20:55',60);
INSERT INTO GIG_TICKET (gigid, pricetype, price) VALUES(27,'A',40);
INSERT INTO GIG (gigid, venueid, gigtitle, gigdatetime, gigstatus) VALUES (28,5,'Test title','2017-08-03 20:00','GoingAhead');
INSERT INTO ACT_GIG (actid, gigid, actgigfee, ontime, duration) VALUES(2,28,13000,'2017-08-03 20:00',20);
INSERT INTO ACT_GIG (actid, gigid, actgigfee, ontime, duration) VALUES(1,28,29000,'2017-08-03 20:35',40);
INSERT INTO GIG_TICKET (gigid, pricetype, price) VALUES(28,'A',40);
INSERT INTO GIG (gigid, venueid, gigtitle, gigdatetime, gigstatus) VALUES (29,6,'Test title','2016-06-23 18:00','GoingAhead');
INSERT INTO ACT_GIG (actid, gigid, actgigfee, ontime, duration) VALUES(6,29,31000,'2016-06-23 18:00',80);
INSERT INTO ACT_GIG (actid, gigid, actgigfee, ontime, duration) VALUES(3,29,1000,'2016-06-23 19:35',20);
INSERT INTO ACT_GIG (actid, gigid, actgigfee, ontime, duration) VALUES(2,29,13000,'2016-06-23 20:00',70);
INSERT INTO GIG_TICKET (gigid, pricetype, price) VALUES(29,'A',40);
INSERT INTO GIG (gigid, venueid, gigtitle, gigdatetime, gigstatus) VALUES (30,8,'Test title','2018-09-16 19:00','GoingAhead');
INSERT INTO ACT_GIG (actid, gigid, actgigfee, ontime, duration) VALUES(6,30,31000,'2018-09-16 19:00',50);
INSERT INTO ACT_GIG (actid, gigid, actgigfee, ontime, duration) VALUES(4,30,28000,'2018-09-16 19:50',50);
INSERT INTO GIG_TICKET (gigid, pricetype, price) VALUES(30,'A',40);
INSERT INTO GIG (gigid, venueid, gigtitle, gigdatetime, gigstatus) VALUES (31,8,'Test title','2018-09-19 18:00','GoingAhead');
INSERT INTO ACT_GIG (actid, gigid, actgigfee, ontime, duration) VALUES(6,31,31000,'2018-09-19 18:00',75);
INSERT INTO GIG_TICKET (gigid, pricetype, price) VALUES(31,'A',40);
INSERT INTO GIG (gigid, venueid, gigtitle, gigdatetime, gigstatus) VALUES (32,4,'Test title','2016-12-25 19:00','GoingAhead');
INSERT INTO ACT_GIG (actid, gigid, actgigfee, ontime, duration) VALUES(3,32,1000,'2016-12-25 19:00',80);
INSERT INTO GIG_TICKET (gigid, pricetype, price) VALUES(32,'A',40);
INSERT INTO GIG (gigid, venueid, gigtitle, gigdatetime, gigstatus) VALUES (33,3,'Test title','2020-08-18 19:00','GoingAhead');
INSERT INTO ACT_GIG (actid, gigid, actgigfee, ontime, duration) VALUES(2,33,13000,'2020-08-18 19:00',80);
INSERT INTO GIG_TICKET (gigid, pricetype, price) VALUES(33,'A',40);
INSERT INTO GIG (gigid, venueid, gigtitle, gigdatetime, gigstatus) VALUES (34,8,'Test title','2016-08-18 19:00','GoingAhead');
INSERT INTO ACT_GIG (actid, gigid, actgigfee, ontime, duration) VALUES(4,34,28000,'2016-08-18 19:00',80);
INSERT INTO GIG_TICKET (gigid, pricetype, price) VALUES(34,'A',40);
INSERT INTO GIG (gigid, venueid, gigtitle, gigdatetime, gigstatus) VALUES (35,4,'Test title','2017-11-28 19:00','GoingAhead');
INSERT INTO ACT_GIG (actid, gigid, actgigfee, ontime, duration) VALUES(4,35,28000,'2017-11-28 19:00',80);
INSERT INTO ACT_GIG (actid, gigid, actgigfee, ontime, duration) VALUES(2,35,13000,'2017-11-28 20:30',80);
INSERT INTO GIG_TICKET (gigid, pricetype, price) VALUES(35,'A',40);
INSERT INTO GIG (gigid, venueid, gigtitle, gigdatetime, gigstatus) VALUES (36,4,'Test title','2017-02-16 20:00','GoingAhead');
INSERT INTO ACT_GIG (actid, gigid, actgigfee, ontime, duration) VALUES(6,36,31000,'2017-02-16 20:00',60);
INSERT INTO ACT_GIG (actid, gigid, actgigfee, ontime, duration) VALUES(1,36,29000,'2017-02-16 21:00',40);
INSERT INTO ACT_GIG (actid, gigid, actgigfee, ontime, duration) VALUES(5,36,30000,'2017-02-16 21:45',40);
INSERT INTO ACT_GIG (actid, gigid, actgigfee, ontime, duration) VALUES(6,36,31000,'2017-02-16 22:40',60);
INSERT INTO GIG_TICKET (gigid, pricetype, price) VALUES(36,'A',40);
INSERT INTO GIG (gigid, venueid, gigtitle, gigdatetime, gigstatus) VALUES (37,5,'Test title','2018-11-22 19:00','GoingAhead');
INSERT INTO ACT_GIG (actid, gigid, actgigfee, ontime, duration) VALUES(3,37,1000,'2018-11-22 19:00',40);
INSERT INTO ACT_GIG (actid, gigid, actgigfee, ontime, duration) VALUES(6,37,31000,'2018-11-22 19:40',20);
INSERT INTO GIG_TICKET (gigid, pricetype, price) VALUES(37,'A',40);
INSERT INTO GIG (gigid, venueid, gigtitle, gigdatetime, gigstatus) VALUES (38,7,'Test title','2016-12-22 20:00','GoingAhead');
INSERT INTO ACT_GIG (actid, gigid, actgigfee, ontime, duration) VALUES(1,38,29000,'2016-12-22 20:00',60);
INSERT INTO ACT_GIG (actid, gigid, actgigfee, ontime, duration) VALUES(1,38,29000,'2016-12-22 21:15',30);
INSERT INTO GIG_TICKET (gigid, pricetype, price) VALUES(38,'A',40);
INSERT INTO GIG (gigid, venueid, gigtitle, gigdatetime, gigstatus) VALUES (39,6,'Test title','2019-10-02 19:00','GoingAhead');
INSERT INTO ACT_GIG (actid, gigid, actgigfee, ontime, duration) VALUES(2,39,13000,'2019-10-02 19:00',50);
INSERT INTO ACT_GIG (actid, gigid, actgigfee, ontime, duration) VALUES(4,39,28000,'2019-10-02 20:05',60);
INSERT INTO ACT_GIG (actid, gigid, actgigfee, ontime, duration) VALUES(1,39,29000,'2019-10-02 21:10',70);
INSERT INTO GIG_TICKET (gigid, pricetype, price) VALUES(39,'A',40);
INSERT INTO GIG (gigid, venueid, gigtitle, gigdatetime, gigstatus) VALUES (40,5,'Test title','2017-05-20 20:00','GoingAhead');
INSERT INTO ACT_GIG (actid, gigid, actgigfee, ontime, duration) VALUES(5,40,30000,'2017-05-20 20:00',75);
INSERT INTO GIG_TICKET (gigid, pricetype, price) VALUES(40,'A',40);
INSERT INTO GIG (gigid, venueid, gigtitle, gigdatetime, gigstatus) VALUES (41,6,'Test title','2019-07-04 19:00','GoingAhead');
INSERT INTO ACT_GIG (actid, gigid, actgigfee, ontime, duration) VALUES(5,41,30000,'2019-07-04 19:00',20);
INSERT INTO ACT_GIG (actid, gigid, actgigfee, ontime, duration) VALUES(1,41,29000,'2019-07-04 19:30',30);
INSERT INTO GIG_TICKET (gigid, pricetype, price) VALUES(41,'A',40);
INSERT INTO GIG (gigid, venueid, gigtitle, gigdatetime, gigstatus) VALUES (42,3,'Test title','2020-03-20 20:00','GoingAhead');
INSERT INTO ACT_GIG (actid, gigid, actgigfee, ontime, duration) VALUES(5,42,30000,'2020-03-20 20:00',60);
INSERT INTO ACT_GIG (actid, gigid, actgigfee, ontime, duration) VALUES(5,42,30000,'2020-03-20 21:20',60);
INSERT INTO GIG_TICKET (gigid, pricetype, price) VALUES(42,'A',40);
INSERT INTO GIG (gigid, venueid, gigtitle, gigdatetime, gigstatus) VALUES (43,7,'Test title','2019-04-11 18:00','GoingAhead');
INSERT INTO ACT_GIG (actid, gigid, actgigfee, ontime, duration) VALUES(3,43,1000,'2019-04-11 18:00',40);
INSERT INTO ACT_GIG (actid, gigid, actgigfee, ontime, duration) VALUES(2,43,13000,'2019-04-11 18:40',30);
INSERT INTO GIG_TICKET (gigid, pricetype, price) VALUES(43,'A',40);
INSERT INTO GIG (gigid, venueid, gigtitle, gigdatetime, gigstatus) VALUES (44,6,'Test title','2020-10-11 19:00','GoingAhead');
INSERT INTO ACT_GIG (actid, gigid, actgigfee, ontime, duration) VALUES(3,44,1000,'2020-10-11 19:00',30);
INSERT INTO ACT_GIG (actid, gigid, actgigfee, ontime, duration) VALUES(3,44,1000,'2020-10-11 19:40',30);
INSERT INTO ACT_GIG (actid, gigid, actgigfee, ontime, duration) VALUES(3,44,1000,'2020-10-11 20:20',20);
INSERT INTO GIG_TICKET (gigid, pricetype, price) VALUES(44,'A',40);
INSERT INTO GIG (gigid, venueid, gigtitle, gigdatetime, gigstatus) VALUES (45,7,'Test title','2016-06-18 20:00','GoingAhead');
INSERT INTO ACT_GIG (actid, gigid, actgigfee, ontime, duration) VALUES(2,45,13000,'2016-06-18 20:00',60);
INSERT INTO GIG_TICKET (gigid, pricetype, price) VALUES(45,'A',40);
INSERT INTO GIG (gigid, venueid, gigtitle, gigdatetime, gigstatus) VALUES (46,2,'Test title','2019-04-21 20:00','GoingAhead');
INSERT INTO ACT_GIG (actid, gigid, actgigfee, ontime, duration) VALUES(1,46,29000,'2019-04-21 20:00',80);
INSERT INTO ACT_GIG (actid, gigid, actgigfee, ontime, duration) VALUES(4,46,28000,'2019-04-21 21:25',70);
INSERT INTO GIG_TICKET (gigid, pricetype, price) VALUES(46,'A',40);
INSERT INTO GIG (gigid, venueid, gigtitle, gigdatetime, gigstatus) VALUES (47,7,'Test title','2016-09-22 18:00','GoingAhead');
INSERT INTO ACT_GIG (actid, gigid, actgigfee, ontime, duration) VALUES(4,47,28000,'2016-09-22 18:00',40);
INSERT INTO ACT_GIG (actid, gigid, actgigfee, ontime, duration) VALUES(6,47,31000,'2016-09-22 18:55',80);
INSERT INTO GIG_TICKET (gigid, pricetype, price) VALUES(47,'A',40);
INSERT INTO GIG (gigid, venueid, gigtitle, gigdatetime, gigstatus) VALUES (48,4,'Test title','2018-10-09 18:00','GoingAhead');
INSERT INTO ACT_GIG (actid, gigid, actgigfee, ontime, duration) VALUES(4,48,28000,'2018-10-09 18:00',70);
INSERT INTO GIG_TICKET (gigid, pricetype, price) VALUES(48,'A',40);
INSERT INTO GIG (gigid, venueid, gigtitle, gigdatetime, gigstatus) VALUES (49,4,'Test title','2020-07-03 19:00','GoingAhead');
INSERT INTO ACT_GIG (actid, gigid, actgigfee, ontime, duration) VALUES(3,49,1000,'2020-07-03 19:00',80);
INSERT INTO GIG_TICKET (gigid, pricetype, price) VALUES(49,'A',40);
INSERT INTO GIG (gigid, venueid, gigtitle, gigdatetime, gigstatus) VALUES (50,7,'Test title','2018-02-28 19:00','GoingAhead');
INSERT INTO ACT_GIG (actid, gigid, actgigfee, ontime, duration) VALUES(5,50,30000,'2018-02-28 19:00',60);
INSERT INTO ACT_GIG (actid, gigid, actgigfee, ontime, duration) VALUES(2,50,13000,'2018-02-28 20:05',40);
INSERT INTO ACT_GIG (actid, gigid, actgigfee, ontime, duration) VALUES(6,50,31000,'2018-02-28 21:00',60);
INSERT INTO GIG_TICKET (gigid, pricetype, price) VALUES(50,'A',40);
INSERT INTO TICKET (ticketid,gigid,CustomerName,CustomerEmail,pricetype,cost) VALUES (DEFAULT,22,'c2 c2','c22cc@example.com','A',40);
INSERT INTO TICKET (ticketid,gigid,CustomerName,CustomerEmail,pricetype,cost) VALUES (DEFAULT,18,'a0 a0','a00aa@example.com','A',40);
INSERT INTO TICKET (ticketid,gigid,CustomerName,CustomerEmail,pricetype,cost) VALUES (DEFAULT,45,'g6 g6','g66gg@example.com','A',40);
INSERT INTO TICKET (ticketid,gigid,CustomerName,CustomerEmail,pricetype,cost) VALUES (DEFAULT,11,'f5 f5','f55ff@example.com','A',40);
INSERT INTO TICKET (ticketid,gigid,CustomerName,CustomerEmail,pricetype,cost) VALUES (DEFAULT,15,'h7 h7','h77hh@example.com','A',40);
INSERT INTO TICKET (ticketid,gigid,CustomerName,CustomerEmail,pricetype,cost) VALUES (DEFAULT,48,'g6 g6','g66gg@example.com','A',40);
INSERT INTO TICKET (ticketid,gigid,CustomerName,CustomerEmail,pricetype,cost) VALUES (DEFAULT,35,'f5 f5','f55ff@example.com','A',40);
INSERT INTO TICKET (ticketid,gigid,CustomerName,CustomerEmail,pricetype,cost) VALUES (DEFAULT,41,'d3 d3','d33dd@example.com','A',40);
INSERT INTO TICKET (ticketid,gigid,CustomerName,CustomerEmail,pricetype,cost) VALUES (DEFAULT,36,'c2 c2','c22cc@example.com','A',40);
INSERT INTO TICKET (ticketid,gigid,CustomerName,CustomerEmail,pricetype,cost) VALUES (DEFAULT,9,'h7 h7','h77hh@example.com','A',40);
INSERT INTO TICKET (ticketid,gigid,CustomerName,CustomerEmail,pricetype,cost) VALUES (DEFAULT,36,'a0 a0','a00aa@example.com','A',40);
INSERT INTO TICKET (ticketid,gigid,CustomerName,CustomerEmail,pricetype,cost) VALUES (DEFAULT,10,'d3 d3','d33dd@example.com','A',40);
INSERT INTO TICKET (ticketid,gigid,CustomerName,CustomerEmail,pricetype,cost) VALUES (DEFAULT,16,'d3 d3','d33dd@example.com','A',40);
INSERT INTO TICKET (ticketid,gigid,CustomerName,CustomerEmail,pricetype,cost) VALUES (DEFAULT,15,'a0 a0','a00aa@example.com','A',40);
INSERT INTO TICKET (ticketid,gigid,CustomerName,CustomerEmail,pricetype,cost) VALUES (DEFAULT,16,'a0 a0','a00aa@example.com','A',40);
INSERT INTO TICKET (ticketid,gigid,CustomerName,CustomerEmail,pricetype,cost) VALUES (DEFAULT,12,'e4 e4','e44ee@example.com','A',40);
INSERT INTO TICKET (ticketid,gigid,CustomerName,CustomerEmail,pricetype,cost) VALUES (DEFAULT,27,'h7 h7','h77hh@example.com','A',40);
INSERT INTO TICKET (ticketid,gigid,CustomerName,CustomerEmail,pricetype,cost) VALUES (DEFAULT,49,'h7 h7','h77hh@example.com','A',40);
INSERT INTO TICKET (ticketid,gigid,CustomerName,CustomerEmail,pricetype,cost) VALUES (DEFAULT,35,'a0 a0','a00aa@example.com','A',40);
INSERT INTO TICKET (ticketid,gigid,CustomerName,CustomerEmail,pricetype,cost) VALUES (DEFAULT,19,'b1 b1','b11bb@example.com','A',40);
INSERT INTO TICKET (ticketid,gigid,CustomerName,CustomerEmail,pricetype,cost) VALUES (DEFAULT,10,'b1 b1','b11bb@example.com','A',40);
INSERT INTO TICKET (ticketid,gigid,CustomerName,CustomerEmail,pricetype,cost) VALUES (DEFAULT,35,'j9 j9','j99jj@example.com','A',40);
INSERT INTO TICKET (ticketid,gigid,CustomerName,CustomerEmail,pricetype,cost) VALUES (DEFAULT,14,'g6 g6','g66gg@example.com','A',40);
INSERT INTO TICKET (ticketid,gigid,CustomerName,CustomerEmail,pricetype,cost) VALUES (DEFAULT,25,'f5 f5','f55ff@example.com','A',40);
INSERT INTO TICKET (ticketid,gigid,CustomerName,CustomerEmail,pricetype,cost) VALUES (DEFAULT,21,'e4 e4','e44ee@example.com','A',40);
INSERT INTO TICKET (ticketid,gigid,CustomerName,CustomerEmail,pricetype,cost) VALUES (DEFAULT,11,'j9 j9','j99jj@example.com','A',40);
INSERT INTO TICKET (ticketid,gigid,CustomerName,CustomerEmail,pricetype,cost) VALUES (DEFAULT,26,'h7 h7','h77hh@example.com','A',40);
INSERT INTO TICKET (ticketid,gigid,CustomerName,CustomerEmail,pricetype,cost) VALUES (DEFAULT,21,'g6 g6','g66gg@example.com','A',40);
INSERT INTO TICKET (ticketid,gigid,CustomerName,CustomerEmail,pricetype,cost) VALUES (DEFAULT,33,'d3 d3','d33dd@example.com','A',40);
INSERT INTO TICKET (ticketid,gigid,CustomerName,CustomerEmail,pricetype,cost) VALUES (DEFAULT,30,'j9 j9','j99jj@example.com','A',40);
INSERT INTO TICKET (ticketid,gigid,CustomerName,CustomerEmail,pricetype,cost) VALUES (DEFAULT,40,'d3 d3','d33dd@example.com','A',40);
INSERT INTO TICKET (ticketid,gigid,CustomerName,CustomerEmail,pricetype,cost) VALUES (DEFAULT,9,'c2 c2','c22cc@example.com','A',40);
INSERT INTO TICKET (ticketid,gigid,CustomerName,CustomerEmail,pricetype,cost) VALUES (DEFAULT,40,'c2 c2','c22cc@example.com','A',40);
INSERT INTO TICKET (ticketid,gigid,CustomerName,CustomerEmail,pricetype,cost) VALUES (DEFAULT,36,'j9 j9','j99jj@example.com','A',40);
INSERT INTO TICKET (ticketid,gigid,CustomerName,CustomerEmail,pricetype,cost) VALUES (DEFAULT,22,'b1 b1','b11bb@example.com','A',40);
INSERT INTO TICKET (ticketid,gigid,CustomerName,CustomerEmail,pricetype,cost) VALUES (DEFAULT,21,'c2 c2','c22cc@example.com','A',40);
INSERT INTO TICKET (ticketid,gigid,CustomerName,CustomerEmail,pricetype,cost) VALUES (DEFAULT,49,'e4 e4','e44ee@example.com','A',40);
INSERT INTO TICKET (ticketid,gigid,CustomerName,CustomerEmail,pricetype,cost) VALUES (DEFAULT,37,'b1 b1','b11bb@example.com','A',40);
INSERT INTO TICKET (ticketid,gigid,CustomerName,CustomerEmail,pricetype,cost) VALUES (DEFAULT,48,'c2 c2','c22cc@example.com','A',40);
INSERT INTO TICKET (ticketid,gigid,CustomerName,CustomerEmail,pricetype,cost) VALUES (DEFAULT,30,'b1 b1','b11bb@example.com','A',40);